-- phpMyAdmin SQL Dump
-- version 5.2.1
-- https://www.phpmyadmin.net/
--
-- Host: 127.0.0.1
-- Generation Time: Jul 17, 2023 at 12:17 PM
-- Server version: 10.4.28-MariaDB
-- PHP Version: 8.0.28

SET SQL_MODE = "NO_AUTO_VALUE_ON_ZERO";
START TRANSACTION;
SET time_zone = "+00:00";


/*!40101 SET @OLD_CHARACTER_SET_CLIENT=@@CHARACTER_SET_CLIENT */;
/*!40101 SET @OLD_CHARACTER_SET_RESULTS=@@CHARACTER_SET_RESULTS */;
/*!40101 SET @OLD_COLLATION_CONNECTION=@@COLLATION_CONNECTION */;
/*!40101 SET NAMES utf8mb4 */;

--
-- Database: `eduprix`
--

-- --------------------------------------------------------

--
-- Table structure for table `admin`
--

CREATE TABLE `admin` (
  `id` int(11) NOT NULL,
  `username` varchar(50) DEFAULT NULL,
  `password` varchar(50) DEFAULT NULL,
  `role` varchar(50) DEFAULT NULL,
  `firstname` varchar(100) DEFAULT NULL,
  `lastname` varchar(100) DEFAULT NULL,
  `image` varchar(500) DEFAULT NULL
) ENGINE=InnoDB DEFAULT CHARSET=utf8mb4 COLLATE=utf8mb4_general_ci;

--
-- Dumping data for table `admin`
--

INSERT INTO `admin` (`id`, `username`, `password`, `role`, `firstname`, `lastname`, `image`) VALUES
(1, 'keerti.sharma0201@gmail.com', 'Naukri@12345', 'admin', NULL, NULL, NULL),
(2, 'Admin@gmail.com', '12345', 'admin', NULL, NULL, NULL),
(3, 'r@gmail.com', '123', NULL, 'Roli', 'Maurya', 'https://w7.pngwing.com/pngs/831/88/png-transparent-user-profile-computer-icons-user-interface-mystique-miscellaneous-user-interface-design-smile-thumbnail.png'),
(4, 'm@gmail.com', '123456', NULL, 'U', 'Maurya', NULL);

-- --------------------------------------------------------

--
-- Table structure for table `category`
--

CREATE TABLE `category` (
  `id` int(11) NOT NULL,
  `category` varchar(100) DEFAULT NULL,
  `status` int(11) DEFAULT 1
) ENGINE=InnoDB DEFAULT CHARSET=utf8mb4 COLLATE=utf8mb4_general_ci;

--
-- Dumping data for table `category`
--

INSERT INTO `category` (`id`, `category`, `status`) VALUES
(1, 'Finance', 1),
(2, 'Development', 1),
(3, 'Investment', 1),
(4, 'Marketing', 1);

-- --------------------------------------------------------

--
-- Table structure for table `curicullum`
--

CREATE TABLE `curicullum` (
  `id` int(11) NOT NULL,
  `curi_id` int(11) DEFAULT NULL,
  `question` varchar(200) DEFAULT NULL,
  `answer` text DEFAULT NULL
) ENGINE=InnoDB DEFAULT CHARSET=utf8mb4 COLLATE=utf8mb4_general_ci;

--
-- Dumping data for table `curicullum`
--

INSERT INTO `curicullum` (`id`, `curi_id`, `question`, `answer`) VALUES
(1, 1, 'What is HTML ?', 'HTML is Stand for HYPER TEXT MARKUP LANGUAGE'),
(2, 1, 'What is HTML TAG?', 'HTML Tag is Use for Web Design !'),
(3, 2, 'Design A Web Page Using HTML ?', 'Design Complete in WEb Pageb!'),
(4, 3, 'What is Finance ?', 'Finance is Finance !');

-- --------------------------------------------------------

--
-- Table structure for table `curicullum_title`
--

CREATE TABLE `curicullum_title` (
  `id` int(11) NOT NULL,
  `post_id` int(11) DEFAULT NULL,
  `title` varchar(50) DEFAULT NULL
) ENGINE=InnoDB DEFAULT CHARSET=utf8mb4 COLLATE=utf8mb4_general_ci;

--
-- Dumping data for table `curicullum_title`
--

INSERT INTO `curicullum_title` (`id`, `post_id`, `title`) VALUES
(1, 1, 'Introduction'),
(2, 1, 'First Day'),
(3, 2, 'Finace First Day');

-- --------------------------------------------------------

--
-- Table structure for table `posts`
--

CREATE TABLE `posts` (
  `id` int(11) NOT NULL,
  `cat_id` int(11) DEFAULT NULL,
  `title` varchar(100) DEFAULT NULL,
  `lebal` varchar(200) DEFAULT NULL,
  `tags` varchar(100) DEFAULT NULL,
  `desc` text DEFAULT NULL,
  `image` varchar(500) DEFAULT NULL,
  `post_date` varchar(15) DEFAULT NULL
) ENGINE=InnoDB DEFAULT CHARSET=utf8mb4 COLLATE=utf8mb4_general_ci;

--
-- Dumping data for table `posts`
--

INSERT INTO `posts` (`id`, `cat_id`, `title`, `lebal`, `tags`, `desc`, `image`, `post_date`) VALUES
(1, 1, 'HTML', 'Biggner', 'Table,Span, Division,List Item, Ordered List, Unordered List, Image,Anchor,Paragraph,Heading', '\nFinance is a field that deals with the management of money, investments, and other financial assets. It encompasses a wide range of activities, including banking, investing, budgeting, saving, and lending. Finance plays a crucial role in individuals\' lives, businesses of all sizes, and the overall economy.<p><span style=\"background-color:rgb(247,247,248);color:rgb(55,65,81);\"><strong>HTML</strong> (Hypertext Markup Language) is the standard markup language used for creating web pages and structuring their content. It pp><span style=\"background-color:rgb(247,247,248);color:rgb(55,65,81);\">1.', 'commercial.jpg', '07 Jul 2023'),
(2, 2, 'Introduce to Finance', 'Begginner', 'Financial Decisions,Financial Analysis,Investments,Budgeting,Risk Management,Personal Finance', '\nFinance is a field that deals with the management of money, investments, and other financial assets. It encompasses a wide range of activities, including banking, investing, budgeting, saving, and lending. Finance plays a crucial role in individuals\' lives, businesses of all sizes, and the overall economy.', 'commercial.jpg', NULL),
(3, 3, 'Importance Of Investment', 'Advanced', 'fedwfde', '<p>fswfswfswwwwwwerererer</p>', 'commercial.jpg', '07 Jul 2023'),
(4, 4, 'Importance of Marketing', 'Biggner', 'Stock Market,Diversification,Return on Investment (ROI),Asset Allocation,Portfolio Management,Invest', '<h3>Introduce to HTML</h3><p>&nbsp;</p><p><span style=\"background-color:rgb(247,247,248);color:rgb(55,65,81);\"><strong>HTML</strong> (Hypertext Markup Language) is the standard markup language used for creating web pages and structuring their content. It provides a set of tags and attributes that define the structure and presentation of a web document. HTML uses a hierarchical structure, where elements are nested within one another to form a logical and organized layout.</span></p><p><br><span style=\"background-color:rgb(247,247,248);color:rgb(55,65,81);\">HTML (Hypertext Markup Language) has several key features that make it a powerful language for creating web pages. Here are some of the notable features of HTML:</span></p><p><span style=\"background-color:rgb(247,247,248);color:rgb(55,65,81);\">1.Structure and Semantics</span></p><p><span style=\"background-color:rgb(247,247,248);color:rgb(55,65,81);\">2.Tags and Attributes</span></p><p><span style=\"background-color:rgb(247,247,248);color:rgb(55,65,81);\">3.Hyperlinks</span></p><p><span style=\"background-color:rgb(247,247,248);color:rgb(55,65,81);\">4.Multimedia Support</span></p><p><span style=\"background-color:rgb(247,247,248);color:rgb(55,65,81);\">5.Forms and Input</span></p><p><span style=\"background-color:rgb(247,247,248);color:rgb(55,65,81);\">6.Accessibility</span></p>', 'commercial.jpg', '07 Jul 2023'),
(5, 3, 'wmhtitile', 'Biggner', 'hgj,h,jhk,jhk,', '<h4><strong>wmh</strong></h4><p>vvvvvvvvvvvvvvvvjhhhhhhhhhggggggggggggggggggggg</p>', 'wmh.png', '15 Jul 2023'),
(6, 3, 'wmhtitile', 'Biggner', 'hgj,h,jhk,jhk,', '<p>jhkjkl</p>', 'wmh.png', '15 Jul 2023');

-- --------------------------------------------------------

--
-- Table structure for table `quiz`
--

CREATE TABLE `quiz` (
  `id` int(11) NOT NULL,
  `quizid` int(11) NOT NULL,
  `quiz` varchar(200) NOT NULL
) ENGINE=InnoDB DEFAULT CHARSET=utf8mb4 COLLATE=utf8mb4_general_ci;

--
-- Dumping data for table `quiz`
--

INSERT INTO `quiz` (`id`, `quizid`, `quiz`) VALUES
(1, 1, 'Quiz 1'),
(2, 2, 'quiz 2');

-- --------------------------------------------------------

--
-- Table structure for table `quiz_options`
--

CREATE TABLE `quiz_options` (
  `option_id` int(11) NOT NULL,
  `question_id` int(11) NOT NULL,
  `option_text` varchar(200) DEFAULT NULL,
  `is_correct` tinyint(4) DEFAULT NULL
) ENGINE=InnoDB DEFAULT CHARSET=utf8mb4 COLLATE=utf8mb4_general_ci;

--
-- Dumping data for table `quiz_options`
--

INSERT INTO `quiz_options` (`option_id`, `question_id`, `option_text`, `is_correct`) VALUES
(1, 1, 'Hypertext Markup language', 1),
(2, 1, 'h', 0),
(3, 1, 't', 0),
(4, 1, 'm', 0),
(5, 2, 'Cascading Style Sheet ', 1),
(6, 2, 'c', 0),
(7, 2, 's', 0),
(8, 2, 's', 0);

-- --------------------------------------------------------

--
-- Table structure for table `quiz_questions`
--

CREATE TABLE `quiz_questions` (
  `question_id` int(11) NOT NULL,
  `question_text` varchar(200) NOT NULL DEFAULT ''
) ENGINE=InnoDB DEFAULT CHARSET=utf8mb4 COLLATE=utf8mb4_general_ci;

--
-- Dumping data for table `quiz_questions`
--

INSERT INTO `quiz_questions` (`question_id`, `question_text`) VALUES
(1, 'What is HTML?'),
(2, 'What is CSS?'),
(3, 'PHP');

-- --------------------------------------------------------

--
-- Table structure for table `signup`
--

CREATE TABLE `signup` (
  `id` int(100) NOT NULL,
  `firstname` text NOT NULL,
  `lastname` text NOT NULL,
  `email` varchar(300) NOT NULL,
  `password` varchar(300) NOT NULL
) ENGINE=InnoDB DEFAULT CHARSET=utf8mb4 COLLATE=utf8mb4_general_ci;

--
-- Dumping data for table `signup`
--

INSERT INTO `signup` (`id`, `firstname`, `lastname`, `email`, `password`) VALUES
(11, 'Urmila', 'Maurya', 'a@gmail.com', '1'),
(12, 'u', 'm', 'm@gmail.com', '2'),
(13, 's', 'm', 'sm@g.c', '3');

-- --------------------------------------------------------

--
-- Table structure for table `state`
--

CREATE TABLE `state` (
  `id` int(11) NOT NULL,
  `state` varchar(30) DEFAULT NULL,
  `code` varchar(2) DEFAULT NULL
) ENGINE=InnoDB DEFAULT CHARSET=latin1 COLLATE=latin1_swedish_ci;

--
-- Dumping data for table `state`
--

INSERT INTO `state` (`id`, `state`, `code`) VALUES
(1, 'Jammu and Kashmir', '1'),
(2, 'Himachal Pradesh', '2'),
(3, 'Punjab', '3'),
(4, 'Chandigarh', '4'),
(5, 'Uttarakhand', '5'),
(6, 'Haryana', '6'),
(7, 'Delhi', '7'),
(8, 'Rajasthan', '8'),
(9, 'Uttar Pradesh', '9'),
(10, 'Bihar', '10'),
(11, 'Sikkim', '11'),
(12, 'Arunachal Pradesh', '12'),
(13, 'Nagaland', '13'),
(14, 'Manipur', '14'),
(15, 'Mizoram', '15'),
(16, 'Tripura', '16'),
(17, 'Meghalaya', '17'),
(18, 'Assam', '18'),
(19, 'West Bengal', '19'),
(20, 'Jharkhand', '20'),
(21, 'Odisha', '21'),
(22, 'Chattisgarh', '22'),
(23, 'Madhya Pradesh', '23'),
(24, 'Gujarat', '24'),
(25, 'Daman and Diu', '25'),
(26, 'Dadra and Nagar Haveli', '26'),
(27, 'Maharashtra', '27'),
(28, 'Karnataka', '29'),
(29, 'Goa', '30'),
(30, 'Lakshadweep Islands', '31'),
(31, 'Kerala', '32'),
(32, 'Tamil Nadu', '33'),
(33, 'Pondicherry', '34'),
(34, 'Andaman and Nicobar Islands', '35'),
(35, 'Telangana', '36'),
(36, 'Andhra Pradesh', '37');

--
-- Indexes for dumped tables
--

--
-- Indexes for table `admin`
--
ALTER TABLE `admin`
  ADD PRIMARY KEY (`id`);

--
-- Indexes for table `category`
--
ALTER TABLE `category`
  ADD PRIMARY KEY (`id`);

--
-- Indexes for table `curicullum`
--
ALTER TABLE `curicullum`
  ADD PRIMARY KEY (`id`);

--
-- Indexes for table `curicullum_title`
--
ALTER TABLE `curicullum_title`
  ADD PRIMARY KEY (`id`);

--
-- Indexes for table `posts`
--
ALTER TABLE `posts`
  ADD PRIMARY KEY (`id`);

--
-- Indexes for table `quiz`
--
ALTER TABLE `quiz`
  ADD PRIMARY KEY (`id`);

--
-- Indexes for table `quiz_options`
--
ALTER TABLE `quiz_options`
  ADD PRIMARY KEY (`option_id`);

--
-- Indexes for table `quiz_questions`
--
ALTER TABLE `quiz_questions`
  ADD PRIMARY KEY (`question_id`);

--
-- Indexes for table `signup`
--
ALTER TABLE `signup`
  ADD PRIMARY KEY (`id`);

--
-- Indexes for table `state`
--
ALTER TABLE `state`
  ADD PRIMARY KEY (`id`);

--
-- AUTO_INCREMENT for dumped tables
--

--
-- AUTO_INCREMENT for table `admin`
--
ALTER TABLE `admin`
  MODIFY `id` int(11) NOT NULL AUTO_INCREMENT, AUTO_INCREMENT=5;

--
-- AUTO_INCREMENT for table `category`
--
ALTER TABLE `category`
  MODIFY `id` int(11) NOT NULL AUTO_INCREMENT, AUTO_INCREMENT=7;

--
-- AUTO_INCREMENT for table `curicullum`
--
ALTER TABLE `curicullum`
  MODIFY `id` int(11) NOT NULL AUTO_INCREMENT, AUTO_INCREMENT=5;

--
-- AUTO_INCREMENT for table `curicullum_title`
--
ALTER TABLE `curicullum_title`
  MODIFY `id` int(11) NOT NULL AUTO_INCREMENT, AUTO_INCREMENT=4;

--
-- AUTO_INCREMENT for table `posts`
--
ALTER TABLE `posts`
  MODIFY `id` int(11) NOT NULL AUTO_INCREMENT, AUTO_INCREMENT=7;

--
-- AUTO_INCREMENT for table `quiz`
--
ALTER TABLE `quiz`
  MODIFY `id` int(11) NOT NULL AUTO_INCREMENT, AUTO_INCREMENT=3;

--
-- AUTO_INCREMENT for table `quiz_options`
--
ALTER TABLE `quiz_options`
  MODIFY `option_id` int(11) NOT NULL AUTO_INCREMENT, AUTO_INCREMENT=9;

--
-- AUTO_INCREMENT for table `quiz_questions`
--
ALTER TABLE `quiz_questions`
  MODIFY `question_id` int(11) NOT NULL AUTO_INCREMENT, AUTO_INCREMENT=4;

--
-- AUTO_INCREMENT for table `signup`
--
ALTER TABLE `signup`
  MODIFY `id` int(100) NOT NULL AUTO_INCREMENT, AUTO_INCREMENT=14;

--
-- AUTO_INCREMENT for table `state`
--
ALTER TABLE `state`
  MODIFY `id` int(11) NOT NULL AUTO_INCREMENT, AUTO_INCREMENT=37;
COMMIT;

/*!40101 SET CHARACTER_SET_CLIENT=@OLD_CHARACTER_SET_CLIENT */;
/*!40101 SET CHARACTER_SET_RESULTS=@OLD_CHARACTER_SET_RESULTS */;
/*!40101 SET COLLATION_CONNECTION=@OLD_COLLATION_CONNECTION */;
